{
  "global_avg_price": 1539.3264262648008,
  "global_median_prod": 10398.0,
  "global_price_std": 56.31781342525278
}